BBL,Boro,Block ,Lot,PHN,Street,Owner Name,Bldg ID,BIN,Units,Housing Type,Tax Class,Program,HPD AM Oversight,Comments,Community District,City Council District,Assembly District,State Senatorial District,Congressional District,ZIP Code,Census Tract
3026510049,3,2651,49,100,NEWEL STREET,100 NEWEL HOUSING DEVELOPMENT FUND CORP,344106,3066295,8,COOP,2,Article 8A Loan,,,301,33,50,26,12,11222,571
3034320023,3,3432,23,1000,DECATUR STREET,1000 Decatur Street HDFC,231576,3079632,3,COOP,1,Tenant Interim Lease (TIL),Mark Matthews,,304,37,55,18,8,11207,403
3012730001,3,1273,1,855,FRANKLIN AVENUE,1001 Progressive HDFC,296037,3033114,43,COOP,2,Tenant Interim Lease (TIL),Mark Matthews,,309,35,57,20,9,11225,325
3014840045,3,1484,45,1005,PUTNAM AVENUE,1005 Putnam Avenue HDFC,357638,3039735,16,COOP,2,Tenant Interim Lease (TIL),Mark Matthews,,303,41,55,18,8,11221,375
3033230068,3,3323,68,103,LINDEN STREET,101 Linden Street HDFC,327601,3076113,23,COOP,2,Tenant Interim Lease (TIL),Mark Matthews,,304,34,54,18,7,11221,417
3000510018,3,51,18,100,FRONT STREET,102-04 Front Street HDFC,296336,3000127,3,COOP,2,Tenant Interim Lease (TIL),Mark Matthews,,302,33,52,26,7,11201,21
3000510019,3,51,19,104,FRONT STREET,102-04 Front Street HDFC,296337,3000128,6,COOP,2,Tenant Interim Lease (TIL),Mark Matthews,,302,33,52,26,7,11201,21
3025120046,3,2512,46,1031,MANHATTAN AVENUE,1031 Manhattan Avenue HDFC,331440,3321437,7,COOP,2,Community Management Program (CMP),Mark Matthews,,301,33,50,18,12,11222,563
3011250059,3,1125,59,1031,PACIFIC STREET,1031 Pacific Street HDFC,349412,3027553,8,COOP,2,Tenant Interim Lease (TIL),Mark Matthews,,308,35,57,25,8,11238,305
3021690019,3,2169,19,106,DIVISION AVENUE,104 Division Avenue HDFC,233666,3059835,30,COOP,2,Tenant Interim Lease (TIL),Mark Matthews,,301,33,50,26,7,11211,535
3012870039,3,1287,39,1040,CARROLL STREET,1040 Carroll Street HDFC,217287,3033790,59,COOP,2,Tenant Interim Lease (TIL),Mark Matthews,,309,35,57,20,9,11225,325
3012120065,3,1212,65,1055,BERGEN STREET,1055 Bergen Street HDFC,208141,3030348,16,COOP,2,Tenant Interim Lease (TIL),Mark Matthews,,308,36,57,25,9,11216,315
3013900075,3,1390,75,1057,EASTERN PARKWAY,1057 Eastern Parkway HDFC,287500,3037342,16,COOP,2,Tenant Interim Lease (TIL),Mark Matthews,,308,35,56,20,9,11213,351
3017970005,3,1797,5,1059,BEDFORD AVENUE,1059 Bedford Avenue HDFC,205474,3050323,13,COOP,2,Tenant Interim Lease (TIL),Mark Matthews,,303,36,57,25,8,11216,243
3032960055,3,3296,55,107,BLEECKER STREET,107 Bleecker Street HDFC,210643,3075383,8,COOP,2,Tenant Interim Lease (TIL),Mark Matthews,,304,34,54,18,7,11221,419
3013960021,3,1396,21,1076,EASTERN PARKWAY,1076 Eastern Parkway HDFC,287505,3037546,19,COOP,2,Tenant Interim Lease (TIL),Mark Matthews,,309,35,43,20,9,11213,351
3021690021,3,2169,21,110,DIVISION AVENUE,108 Division Avenue HDFC,233667,3059836,30,COOP,2,Tenant Interim Lease (TIL),Mark Matthews,,301,33,50,26,7,11211,535
3030510013,3,3051,13,108,MESEROLE STREET,108 Meserole Street HDFC,336296,3071083,8,COOP,2,Tenant Interim Lease (TIL),Mark Matthews,,301,34,53,18,7,11206,505
3030970011,3,3097,11,108,SEIGEL STREET,108 Seigel Street HDFC,368729,3071456,22,COOP,2,Community Management Program (CMP),Kate Synak,,301,34,53,18,7,11206,491
3024960007,3,2496,7,1086,MANHATTAN AVENUE,1086 MANHATTAN AVENUE HOUSING DEVELOPMENT FUND CORPORATION,331475,3063840,8,RENTAL,2,Housing Trust Fund - State,,,301,33,50,18,12,11222,575
3033490005,3,3349,5,1087,BUSHWICK AVENUE,1087 Bushwick Avenue HDFC,215643,3076549,8,COOP,2,Community Management Program (CMP),Mark Matthews,,304,34,54,18,8,11221,399
3033490003,3,3349,3,1089,BUSHWICK AVENUE,1091 Bushwick Avenue HDFC,215645,3076548,16,COOP,2,Community Management Program (CMP),Mark Matthews,,304,34,54,18,8,11221,399
3033490001,3,3349,1,1095,BUSHWICK AVENUE,1095 Bushwick Avenue HDFC,215649,3076547,14,COOP,2,Community Management Program (CMP),Mark Matthews,,304,34,54,18,8,11221,399
3033230062,3,3323,62,109,LINDEN STREET,111 Linden Street HDFC,327608,3076111,16,COOP,2,Community Management Program (CMP),Ron Sinacori,,304,34,54,18,7,11221,417
3024170034,3,2417,34,111,SOUTH 3 STREET,111 South 3 Street HDFC,372083,3063103,36,COOP,2,Tenant Interim Lease (TIL),Mark Matthews,,301,34,50,18,7,11249,551
3024650011,3,2465,11,446,SOUTH 5 STREET,11-14 North Montrose Street HDFC,372488,3063628,35,RENTAL,2,Community Management Program (CMP),,,301,34,53,18,7,11211,527
3051540035,3,5154,35,440,WESTMINSTER ROAD,1115 DORCHESTER RD HOUSISNG DEVELOP FUND CORP,243039,3118625,28,COOP,2,Article 8A Loan,,,314,40,44,17,9,11218,526
3022970014,3,2297,14,112,BEDFORD AVENUE,112 Bedford Avenue HDFC,205511,3061605,8,COOP,2,Tenant Interim Lease (TIL),Mark Matthews,,301,33,50,26,12,11249,517
3012440025,3,1244,25,1125,STERLING PLACE,1125 Sterling Place HDFC,376277,3031706,24,COOP,2,Tenant Interim Lease (TIL),Mark Matthews,,308,36,43,25,9,11213,343
3033230060,3,3323,60,113,LINDEN STREET,115 Linden Street HDFC,327611,3076110,16,COOP,2,Community Management Program (CMP),Ron Sinacori,,304,34,54,18,7,11221,417
3021310026,3,2131,26,117,SOUTH 8 STREET,115-117 South 8 Street HDFC,372545,3059517,7,COOP,2,Community Management Program (CMP),Mark Matthews,,301,34,50,18,7,11249,549
3021310027,3,2131,27,115,SOUTH 8 STREET,115-117 South 8 Street HDFC,372544,3059518,12,COOP,2,Community Management Program (CMP),Mark Matthews,,301,34,50,18,7,11249,549
3012050020,3,1205,20,1152,PACIFIC STREET,1152 Pacific Street HDFC,349449,3029961,18,COOP,2,Tenant Interim Lease (TIL),Mark Matthews,,308,35,57,25,8,11216,221
3032410016,3,3241,16,1158,DE KALB AVENUE,1158 Dekalb Avenue HDFC,229892,3073750,8,COOP,2,Community Management Program (CMP),Ron Sinacori,,304,34,54,18,7,11221,393
3012820025,3,1282,25,1160,PRESIDENT STREET,1160 President Street HDFC,355155,3033527,28,COOP,2,Tenant Interim Lease (TIL),Mark Matthews,,309,35,43,20,9,11225,321
3023790030,3,2379,30,119,GRAND STREET,117-119 Grand Street HDFC,302487,3062595,8,COOP,2,Community Management Program (CMP),Mark Matthews,,301,34,50,18,7,11249,555
3033670039,3,3367,39,560,EVERGREEN AVENUE,1185 Putnam Avenue HDFC,290825,3076987,5,COOP,2,Tenant Interim Lease (TIL),Mark Matthews,,304,34,54,18,8,11221,399
3033040002,3,3304,2,12,BLEECKER STREET,12 Bleecker Street HDFC,210646,3075584,16,COOP,2,Community Management Program (CMP),Ron Sinacori,,304,34,54,18,7,11221,395
3003950006,3,395,6,12,ST MARKS PLACE,12 Saint Marks Place HDFC,375113,3006254,8,COOP,2,Tenant Interim Lease (TIL),Mark Matthews,,302,33,52,25,7,11217,127
3003850028,3,385,28,120,BERGEN STREET,120 Bergen Street HDFC,208222,3005794,8,COOP,2,Tenant Interim Lease (TIL),Mark Matthews,,302,33,52,25,7,11201,69
3066940046,3,6694,46,1212,OCEAN AVENUE,1212 Ocean Avenue HDFC,347186,3179159,48,COOP,2,Tenant Interim Lease (TIL),Mark Matthews,,314,45,42,21,9,11230,764
3012060026,3,1206,26,1228,PACIFIC STREET,1228-30 Pacific Street HDFC,349470,3029994,14,COOP,2,Tenant Interim Lease (TIL),Mark Matthews,,308,36,57,25,8,11216,315
3024300019,3,2430,19,346,BEDFORD AVENUE,124 South 3 Street HDFC,206302,3063248,26,COOP,2,Community Management Program (CMP),Ron Sinacori,,301,34,50,18,7,11249,551
3013540006,3,1354,6,125,SCHENECTADY AVENUE,125 Schenectady Avenue HDFC,367390,3035832,24,COOP,2,Tenant Interim Lease (TIL),Mark Matthews,,308,36,56,25,9,11213,309
3026170032,3,2617,32,127,GUERNSEY STREET,127 Guernsey Street HDFC,305092,3065513,8,COOP,2,Community Management Program (CMP),Kate Synak,,301,33,50,26,12,11222,561
3006680014,3,668,14,128,29 STREET,128 29 Street HDFC,146944,3009832,8,COOP,2,Tenant Interim Lease (TIL),Mark Matthews,,307,38,51,25,7,11232,101
3018520050,3,1852,50,129,MAC DONOUGH STREET,129 Macdonough Street HDFC,334372,3053383,8,COOP,2,Tenant Interim Lease (TIL),Mark Matthews,,303,36,56,25,8,11216,269
3023050008,3,2305,8,129,BEDFORD AVENUE,129-131 Bedford Avenue HDFC,807744,3324778,4,COOP,2,Community Management Program (CMP),Mark Matthews,,301,33,50,26,12,11211,517
3012080064,3,1208,64,1303,DEAN STREET,1299-1303 Dean Street HDFC,808064,3324466,16,COOP,2,Tenant Interim Lease (TIL),Mark Matthews,,308,36,56,25,8,11216,313
3030310046,3,3031,46,13 FRONT,SCHOLES STREET,13 Scholes Street HDFC,368199,0,3,COOP,1,Tenant Interim Lease (TIL),Mark Matthews,,301,34,53,18,7,11206,511
3012070028,3,1207,28,1304,PACIFIC STREET,1304-06 Pacific Street HDFC,349510,3030048,16,COOP,2,Tenant Interim Lease (TIL),Mark Matthews,,308,36,56,25,8,11216,315
3012070032,3,1207,32,1312,PACIFIC STREET,1312 Pacific Street HDFC,349515,3030051,4,COOP,2,Tenant Interim Lease (TIL),Mark Matthews,,308,36,56,25,8,11216,315
3003240021,3,324,21,15,STRONG PLACE,13-15 STRONG PLACE HSNG DEV FUND CORP,378346,3003896,16,COOP,2,,,,306,39,52,26,7,11231,67
3013770019,3,1377,19,1316,STERLING PLACE,1316 Sterling Place HDFC,376368,3036747,6,COOP,2,Tenant Interim Lease (TIL),Mark Matthews,,308,35,56,20,9,11213,353
3018520049,3,1852,49,133,MAC DONOUGH STREET,133 Macdonough Street HDFC,334375,3053382,8,COOP,2,Tenant Interim Lease (TIL),Mark Matthews,,303,36,56,25,8,11216,269
3019800056,3,1980,56,136,CAMBRIDGE PLACE,134-36 Cambridge Place HDFC,216609,3056725,8,COOP,2,Tenant Interim Lease (TIL),Mark Matthews,,302,35,57,25,8,11238,201
3013990029,3,1399,29,1346,EASTERN PARKWAY,1346 Eastern Parkway HDFC,287583,3037625,28,COOP,2,Tenant Interim Lease (TIL),Mark Matthews,,308,41,55,20,9,11233,359
3013720017,3,1372,17,1346,PARK PLACE,1346 Park Place HDFC,351509,3036486,27,COOP,2,Tenant Interim Lease (TIL),Mark Matthews,,308,36,56,25,9,11213,345
3021930053,3,2193,53,137,KEAP STREET,137 KEAP STREET HOUSING DEVELOPMENT CO INC,318847,3060132,8,RENTAL,2,,,OTP,301,33,50,26,7,11211,535
3012090059,3,1209,59,1387,DEAN STREET,1387 Dean Street HDFC,230860,3030169,8,COOP,2,Tenant Interim Lease (TIL),Mark Matthews,,308,36,56,25,8,11216,313
3045980016,3,4598,16,14,EAST 96 STREET,14 East 96 Street HDFC,284224,3099487,34,COOP,2,Tenant Interim Lease (TIL),Mark Matthews,,317,41,55,20,9,11212,884
3013610081,3,1361,81,1405,PROSPECT PLACE,1405 Prospect Place HDFC,356768,3036105,39,COOP,2,Tenant Interim Lease (TIL),Mark Matthews,,308,36,56,25,9,11213,347
3018520046,3,1852,46,141,MAC DONOUGH STREET,141  Mcdonough Street HDFC,334382,3053380,8,COOP,2,Tenant Interim Lease (TIL),Mark Matthews,,303,36,56,25,8,11216,269
3033230031,3,3323,31,144,GROVE STREET,144 Grove Street HDFC,304968,3076091,6,RENTAL,2,Community Management Program (CMP),,,304,34,54,18,7,11221,417
3024310036,3,2431,36,151,SOUTH 4 STREET,149 South 4 Street HDFC,372234,3063282,28,COOP,2,Community Management Program (CMP),Mark Matthews,,301,34,50,18,7,11211,551
3014710049,3,1471,49,1493,EASTERN PARKWAY EXTENSION,1493 Eastern Parkway HDFC,287632,3039462,6,COOP,2,Tenant Interim Lease (TIL),Mark Matthews,,316,41,55,20,9,11233,361
3023800033,3,2380,33,151,GRAND STREET,149-51 Grand Street HDFC,302513,3062626,6,COOP,2,Community Management Program (CMP),Mark Matthews,,301,34,50,18,7,11249,553
3024960060,3,2496,60,151,EAGLE STREET,151 Eagle Street HDFC,235175,3063864,8,RENTAL,2,Community Management Program (CMP),,,301,33,50,18,12,11222,575
3066000086,3,6600,86,1513,WEST 7 STREET,1513-15 West 7 Street HDFC,391639,3174381,16,COOP,2,Tenant Interim Lease (TIL),Mark Matthews,,311,44,47,17,10,11204,432
3012520080,3,1252,80,1516,BEDFORD AVENUE,1516 Bedford Avenue HDFC,205716,3032181,16,COOP,2,Tenant Interim Lease (TIL),Mark Matthews,,308,35,57,20,9,11216,219
3024310035,3,2431,35,153,SOUTH 4 STREET,153 South 4 Street HDFC,372236,3063281,8,COOP,2,Tenant Interim Lease (TIL),Mark Matthews,,301,34,50,18,7,11211,551
3014710075,3,1471,75,1530,EASTERN PARKWAY EXTENSION,1530-32 Eastern Parkway HDFC,287649,3039472,8,RENTAL,2,Community Management Program (CMP),,,316,41,55,20,9,11233,361
3024310015,3,2431,15,154,SOUTH 3 STREET,154 South 3 Street HDFC,372090,3063274,35,COOP,2,Tenant Interim Lease (TIL),Mark Matthews,,301,34,50,18,7,11211,551
3013680059,3,1368,59,1551,PARK PLACE,1551 Park Place HDFC,351601,3036319,24,COOP,2,Tenant Interim Lease (TIL),Mark Matthews,,308,36,55,25,9,11213,347
3026840002,3,2684,2,156,NASSAU AVENUE,156 NASSAU AVE HOUSING DEVELOPMENT FUND COMPANY IN,341445,3066922,6,COOP,2,Article 8A Loan,,,301,33,50,26,12,11222,571
3011510010,3,1151,10,156,ST MARKS AVENUE,156 Saint Marks Avenue HDFC,374576,3028393,7,COOP,2,Tenant Interim Lease (TIL),Mark Matthews,,308,35,57,20,9,11238,163
3027910012,3,2791,12,16,MAUJER STREET,16 Maujer Street HDFC,333517,3069654,16,COOP,2,Community Management Program (CMP),Kate Synak,,301,34,53,18,7,11206,513
3033060022,3,3306,22,160,BLEECKER STREET,160 Bleecker Street HDFC,210667,3075647,6,COOP,2,Community Management Program (CMP),Ron Sinacori,,304,37,53,18,7,11221,419
3013870059,3,1387,59,1611,LINCOLN PLACE,1611 Lincoln Place HDFC,326465,3037222,6,COOP,2,Urban Homesteading Program (UHP),Mark Matthews,,308,41,55,20,9,11233,359
3020160073,3,2016,73,163,LEFFERTS PLACE,163 Lefferts Place HDFC,323717,3057732,16,COOP,2,Tenant Interim Lease (TIL),Mark Matthews,,303,36,57,25,8,11238,227
3033060023,3,3306,23,164,BLEECKER STREET,164 Bleeker Street HDFC,210670,3075648,6,COOP,2,Tenant Interim Lease (TIL),Mark Matthews,,304,37,53,18,7,11221,419
3016680051,3,1668,51,164,RALPH AVENUE,164 Ralph Avenue HDFC,359874,3046670,6,COOP,2,Tenant Interim Lease (TIL),Mark Matthews,,303,41,56,25,8,11233,383
3024210040,3,2421,40,239,SOUTH 3 STREET,167-75 Havemeyer Street HDFC,372123,3063187,24,COOP,2,Tenant Interim Lease (TIL),Mark Matthews,,301,34,53,18,7,11211,523
3013810036,3,1381,36,1682-1700,STERLING PLACE,1682-1700 Sterling Place HDFC,376532,3036924,34,COOP,2,Tenant Interim Lease (TIL),Mark Matthews,,308,41,55,20,9,11233,359
3036600007,3,3660,7,17,PENNSYLVANIA AVENUE,17 Pennsylvania Avenue HDFC,353014,3083108,20,COOP,2,Tenant Interim Lease (TIL),Mark Matthews,,305,37,54,18,7,11207,1198
3025500006,3,2550,6,172,FRANKLIN STREET,172 Franklin Street HDFC,296125,3064543,8,COOP,2,Community Management Program (CMP),Mark Matthews,,301,33,50,26,12,11222,565
3024120004,3,2412,4,176,GRAND STREET EXTENSION,176 Grand Street HDFC,302948,3063040,30,COOP,2,Tenant Interim Lease (TIL),Mark Matthews,,301,34,53,18,7,11211,513
3016250045,3,1625,45,176,STUYVESANT AVENUE,176 Stuyvesant Avenue HDFC,378829,3044273,6,COOP,2,Tenant Interim Lease (TIL),Mark Matthews,,303,36,56,25,8,11221,291
3027600017,3,2760,17,184,CONSELYEA STREET,182-84 Conselyea Street HDFC,225584,3322899,3,COOP,2,Tenant Interim Lease (TIL),Mark Matthews,,301,34,50,18,12,11211,497
3018170036,3,1817,36,184,MONROE STREET,184 Monroe Street HDFC,338754,3051316,20,COOP,2,Tenant Interim Lease (TIL),Mark Matthews,,303,36,57,25,8,11216,245
3016140010,3,1614,10,184,VAN BUREN STREET,184 Van Buren Street HDFC,385692,3043697,3,COOP,1,Tenant Interim Lease (TIL),Mark Matthews,,303,36,56,25,8,11221,279
3013440103,3,1344,103,1890,PACIFIC STREET,1890 Pacific Street HDFC,349853,3035730,6,COOP,2,Tenant Interim Lease (TIL),Mark Matthews,,308,41,56,25,8,11233,307
3028840026,3,2884,26,19,KINGSLAND AVENUE,19 Kingsland Avenue HDFC,320714,3070195,6,COOP,2,Community Management Program (CMP),Kate Synak,,301,34,50,18,12,11211,477
3030310043,3,3031,43,19 FRONT,SCHOLES STREET,19 Scholes Street HDFC,368218,0,7,COOP,2,Community Management Program (CMP),Kate Synak,,301,34,53,18,7,11206,511
3019270039,3,1927,39,192,SKILLMAN STREET,192 Skillman Street HDFC,370753,3055206,6,COOP,2,Tenant Interim Lease (TIL),Mark Matthews,,303,33,57,25,8,11205,235
3024320027,3,2432,27,195,SOUTH 4 STREET,195 South 4 Street HDFC,372256,3330564,35,COOP,2,Tenant Interim Lease (TIL),Mark Matthews,,301,34,53,18,7,11211,523
3018420032,3,1842,32,2,ARLINGTON PLACE,2 Arlington Place HDFC,184824,3052963,3,COOP,1,Tenant Interim Lease (TIL),Mark Matthews,,303,36,57,25,8,11216,245
3054400010,3,5440,10,2,WEBSTER AVENUE,2 Webster Avenue HDFC,389348,3128757,30,COOP,2,Tenant Interim Lease (TIL),Mark Matthews,,312,44,48,17,10,11230,476
3026890056,3,2689,56,200,KINGSLAND AVENUE,200-202 Kingsland Avenue,320719,3067225,6,COOP,2,Tenant Interim Lease (TIL),Mark Matthews,,301,33,50,26,12,11222,591
3026890057,3,2689,57,202,KINGSLAND AVENUE,200-202 Kingsland Avenue,808652,3348004,6,COOP,2,Tenant Interim Lease (TIL),Mark Matthews,,301,33,50,26,12,11222,591
3013710008,3,1371,8,207,TROY AVENUE,207 Troy Avenue HDFC,382406,3036410,6,COOP,2,Tenant Interim Lease (TIL),Mark Matthews,,308,36,56,25,9,11213,345
3019800007,3,1980,7,211,ST JAMES PLACE,211 James Place HDFC,373447,3056686,16,COOP,2,Tenant Interim Lease (TIL),Mark Matthews,,302,35,57,25,8,11238,201
3051650072,3,5165,72,2146,CORTELYOU ROAD,2146 Cortelyou Road HDFC,226501,3118901,6,COOP,2,Tenant Interim Lease (TIL),Mark Matthews,,314,40,42,21,9,11226,792
3014330060,3,1433,60,2149,PACIFIC STREET,2149-53 Pacific Street HDFC,349984,3038582,8,COOP,2,Tenant Interim Lease (TIL),Mark Matthews,,316,41,55,25,8,11233,303
3026880034,3,2688,34,217,KINGSLAND AVENUE,217 Kingsland Avenue HDFC,320732,3067139,16,COOP,2,Community Management Program (CMP),Kate Synak,,301,33,50,26,12,11222,591
3014330028,3,1433,28,2170,ATLANTIC AVENUE,2170 Atlantic Avenue HDFC Who owns this now?,185926,3038567,35,RENTAL,2,Article 8A Loan,,,316,41,55,25,8,11233,303
3014330035,3,1433,35,2178,ATLANTIC AVENUE,2178 ATLANTIC AVE HDFC*% M GIRALDO,185928,3038569,16,RENTAL,2,,,,316,41,55,25,8,11233,303
3030450017,3,3045,17,204,BUSHWICK AVENUE,218 Scholes Street HDFC,807882,3071014,17,COOP,2,Community Management Program (CMP),Kate Synak,,301,34,53,18,7,11206,493
3014330047,3,1433,47,2181,PACIFIC STREET,2181 PACIFIC ST HOUSING DEVEL FUND CORP,349995,3038572,16,UNKNOWN,2,,,Sweat Equity,316,41,55,25,8,11233,303
3014330038,3,1433,38,2182,ATLANTIC AVENUE,2182 Atlantic Avenue HDFC,185930,3038570,16,COOP,2,Community Management Program (CMP),Mark Matthews,,316,41,55,25,8,11233,303
3015650008,3,1565,8,219,HOPKINSON AVENUE,219 Hopkinson Avenue HDFC,313703,3042498,8,COOP,2,Tenant Interim Lease (TIL),Mark Matthews,,316,41,55,25,8,11233,301
3022350035,3,2235,35,220,LEE AVENUE,220 Lee Avenue HDFC,323317,3061228,4,COOP,2,Tenant Interim Lease (TIL),Mark Matthews,,301,33,50,26,7,11206,531
3013280044,3,1328,44,430,ROGERS AVENUE,224 Lefferts Avenue HDFC,363822,3035282,14,COOP,2,Tenant Interim Lease (TIL),Mark Matthews,,309,40,43,20,9,11225,800
3024200035,3,2420,35,227,SOUTH 3 STREET,225 South 3 Street HDFC,372114,3063157,24,COOP,2,Community Management Program (CMP),Mark Matthews,,301,34,53,18,7,11211,523
3024080041,3,2408,41,227,SOUTH 2 STREET,227 South 2 Street HDFC,371982,3063013,22,COOP,2,Community Management Program (CMP),Mark Matthews,,301,34,53,18,7,11211,523
3042470029,3,4247,29,228,CRYSTAL STREET,228-232 Crystal Street HDFC,228739,3095359,6,COOP,2,Tenant Interim Lease (TIL),Mark Matthews,,305,42,60,18,8,11208,1196
3042470030,3,4247,30,232,CRYSTAL STREET,228-232 Crystal Street HDFC,228740,3095360,6,COOP,2,Tenant Interim Lease (TIL),Mark Matthews,,305,42,60,18,8,11208,1196
3022360005,3,2236,5,229,LEE AVENUE,229 Lee Avenue HDFC,323321,3061233,8,COOP,2,Tenant Interim Lease (TIL),Mark Matthews,,301,33,50,26,7,11206,531
3030540024,3,3054,24,230,BUSHWICK AVENUE,230 Bushwick Avenue HDFC,807884,3071162,9,COOP,2,Tenant Interim Lease (TIL),Mark Matthews,,301,34,53,18,7,11206,493
3022350038,3,2235,38,230,LEE AVENUE,230 Lee Avenue HDFC,323322,3061229,8,COOP,2,Tenant Interim Lease (TIL),Mark Matthews,,301,33,50,26,7,11206,531
3009590007,3,959,7,231,5 AVENUE,231 Fifth Avenue HDFC,130265,3020279,8,COOP,2,Tenant Interim Lease (TIL),Mark Matthews,,306,39,52,25,7,11215,133
3027900031,3,2790,31,231,MAUJER STREET,231 Maujer Street HDFC,333536,3069645,6,COOP,2,Community Management Program (CMP),Kate Synak,,301,34,53,18,7,11206,495
3034470034,3,3447,34,232,MOFFAT STREET,232 Moffat Street HDFC,338417,3080173,6,COOP,2,Tenant Interim Lease (TIL),Mark Matthews,,304,37,54,18,8,11207,411
3052090022,3,5209,22,2323,NEWKIRK AVENUE,2321-23 NEWKIRK AVE HSNG DEV FUND CORP,344320,3120306,16,COOP,2,Tenant Interim Lease (TIL),Mark Matthews,,314,40,42,21,9,11226,51601
3016460010,3,1646,10,233,STUYVESANT AVENUE,233 Stuyvesant Avenue HDFC,378861,3045199,8,COOP,2,Tenant Interim Lease (TIL),Mark Matthews,,303,36,56,25,8,11221,293
3037040029,3,3704,29,236,NEW JERSEY AVENUE,236-8 New Jersey Avenue HDFC,342330,3083672,16,COOP,2,Tenant Interim Lease (TIL),Mark Matthews,,305,37,55,18,8,11207,1144
3018340074,3,1834,74,237,HANCOCK STREET,237-39 Hankock Street HDFC,306886,3052408,10,COOP,2,Tenant Interim Lease (TIL),Mark Matthews,,303,36,56,25,8,11216,267
3034660020,3,3466,20,24,FURMAN AVENUE,24 Furman Avenue HDFC,298561,3080412,53,RENTAL,2,Community Management Program (CMP),,,304,37,55,18,8,11207,405
3003950013,3,395,13,24,ST MARKS PLACE,24 Saint Marks Place HDFC,375139,3006260,3,COOP,1,Tenant Interim Lease (TIL),Mark Matthews,,302,33,52,25,7,11217,127
3024210038,3,2421,38,241,SOUTH 3 STREET,241 South 3 Street HDFC,372126,3063186,22,COOP,2,Tenant Interim Lease (TIL),Mark Matthews,,301,34,53,18,7,11211,523
3052110044,3,5211,44,2416,NEWKIRK AVENUE,2416 Newkirk Avenue HDFC,344328,3120351,53,COOP,2,Tenant Interim Lease (TIL),Mark Matthews,,317,45,42,21,9,11226,790
3024200015,3,2420,15,242,SOUTH 2 STREET,242 South  2 Street HDFC,371994,3063150,35,COOP,2,Community Management Program (CMP),Ron Sinacori,,301,34,53,18,7,11211,523
3033840006,3,3384,6,463,WILSON AVENUE,246 Cornelia Street HDFC,396938,3077626,39,COOP,2,Community Management Program (CMP),Mark Matthews,,304,37,54,18,7,11221,435
3050720053,3,5072,53,25,STRATFORD ROAD,25 Stratford Road HDFC,242117,3116386,21,COOP,2,Tenant Interim Lease (TIL),Mark Matthews,,314,40,42,21,9,11218,506
3032780036,3,3278,36,251,HARMAN STREET,251 Harman Street HDFC,307978,3074789,6,RENTAL,2,Community Management Program (CMP),,,304,37,53,18,7,11237,431
3022340010,3,2234,10,252,HEYWARD STREET,252 Heyward Street HDFC,312203,3061217,4,COOP,2,Tenant Interim Lease (TIL),Mark Matthews,,301,33,50,26,7,11206,509
3024470010,3,2447,10,256,SOUTH 4 STREET,256 SOUTH 4TH ST HDFC,372277,3063468,34,COOP,2,Article 8A Loan,,,301,34,53,18,7,11211,525
3023220022,3,2322,22,26,HAVEMEYER STREET,26 Havmeyer Street HDFC,309155,3061996,11,COOP,2,Tenant Interim Lease (TIL),Mark Matthews,,301,33,50,18,12,11211,519
3031890021,3,3189,21,26,ST NICHOLAS AVENUE,26 ST NICHOLAS AVENUE HOUSING DEVELOPMENT,375314,3072617,6,COOP,2,Article 8A Loan,,,304,34,53,18,7,11237,447
3029160047,3,2916,47,263,DEVOE STREET,263 Devoe Street HDFC,232930,3070347,6,COOP,2,Community Management Program (CMP),Graham Smokoski,,301,34,53,18,12,11211,481
3024090032,3,2409,32,263,SOUTH 2 STREET,263 South 2 Street HDFC,372004,3063029,9,COOP,2,Community Management Program (CMP),Ron Sinacori,,301,34,53,18,7,11211,523
3022640005,3,2264,5,265,LEE AVENUE,265 Lee Avenue HDFC,323333,3061411,6,COOP,2,Tenant Interim Lease (TIL),Mark Matthews,,301,33,50,26,7,11206,531
3029200037,3,2920,37,265,POWERS STREET,265 Powers Street HDFC,355010,3070427,6,COOP,2,Community Management Program (CMP),Graham Smokoski,,301,34,53,18,12,11211,481
3019860007,3,1986,7,272,GATES AVENUE,272 Gates Avenue HDFC,299294,3057004,17,COOP,2,Tenant Interim Lease (TIL),Mark Matthews,,303,36,57,25,8,11216,229
3020130047,3,2013,47,272,ST JAMES PLACE,272 Saint James Place HDFC,373485,3057603,9,COOP,2,Tenant Interim Lease (TIL),Mark Matthews,,302,35,57,25,8,11238,201
3024600012,3,2460,12,272,SOUTH 5 STREET,272-4 South 5 Street HDFC,372395,3063573,8,COOP,2,Tenant Interim Lease (TIL),Mark Matthews,,301,34,50,18,7,11211,525
3023830037,3,2383,37,277,GRAND STREET,273-277 Grand Street HDFC,302581,3321261,3,COOP,2,Community Management Program (CMP),Mark Matthews,,301,34,53,18,7,11211,519
3024210012,3,2421,12,274,SOUTH 2 STREET,274 South 2 Street HDFC,372011,3063172,34,COOP,2,Community Management Program (CMP),Mark Matthews,,301,34,53,18,7,11211,523
3007270040,3,727,40,4302,3 AVENUE,278 43 Street HDFC,127625,3010897,4,COOP,2,Tenant Interim Lease (TIL),Mark Matthews,,307,38,51,25,7,11232,2
3013760001,3,1376,1,279,ALBANY AVENUE,279 Albany Avenue HDFC,183639,3036661,9,COOP,2,Tenant Interim Lease (TIL),Mark Matthews,,308,35,56,25,9,11213,339
3019940035,3,1994,35,28,CLAVER PLACE,28 Claver Place HDFC,221816,3057296,8,COOP,2,Urban Homesteading Program (UHP),Mark Matthews,,303,35,57,25,8,11238,227
3019240009,3,1924,9,281,CLASSON AVENUE,281 Classon Avenue HDFC,221558,3055125,8,COOP,2,Tenant Interim Lease (TIL),Mark Matthews,,303,33,57,25,8,11205,193
3050480078,3,5048,78,289,PARKSIDE AVENUE,283-289 Parkside Avenue HDFC,352215,3115840,16,COOP,2,Tenant Interim Lease (TIL),Mark Matthews,,309,40,43,21,9,11226,79601
3050480080,3,5048,80,283,PARKSIDE AVENUE,283-289 Parkside Avenue HDFC,352214,3115841,16,COOP,2,Tenant Interim Lease (TIL),Mark Matthews,,309,40,43,21,9,11226,79601
3070040023,3,7004,23,2838,WEST 36 STREET,2838 W 36TH STREET HOUSING DEVELOPMENT FUND CORP*%JUDITH ORLANDO,395063,3188692,6,RENTAL,2,Section 312,,,313,47,46,23,8,11224,328
3032590053,3,3259,53,295,STANHOPE STREET,295-97 Stanhope Street HDFC,375591,3074259,20,COOP,2,Community Management Program (CMP),Mark Matthews,,304,37,53,18,7,11237,443
3002380061,3,238,61,24,CLINTON STREET,30 CLINTON STREET TENANTS INC,223014,3001935,59,COOP,2,Article 8A Loan,,,302,33,52,26,7,11201,502
3028750057,3,2875,57,31,KINGSLAND AVENUE,31  Kingsland Avenue HDFC,320799,3070142,6,COOP,2,Community Management Program (CMP),Graham Smokoski,,301,34,50,18,12,11211,477
3016180002,3,1618,2,31,PATCHEN AVENUE,31 Patchen Avenue HDFC,352658,3043928,8,COOP,2,Tenant Interim Lease (TIL),Mark Matthews,,303,41,54,25,8,11221,387
3050300022,3,5030,22,312,LINCOLN ROAD,312 LINCOLN RD HOUSING DEVELOPMENT FUND CORP,326928,3114813,6,COOP,2,Article 8A Loan,,,309,40,43,20,9,11225,800
3024360012,3,2436,12,312,SOUTH 3 STREET,312 South 3 Street HDFC,372145,3063334,7,COOP,2,Tenant Interim Lease (TIL),Mark Matthews,,301,34,53,18,7,11211,527
3042620015,3,4262,15,313,MILFORD STREET,313 Milford Street HDFC,337397,3095621,4,COOP,2,Tenant Interim Lease (TIL),Mark Matthews,,305,42,60,19,8,11208,1194
3029230009,3,2923,9,314,POWERS STREET,314 Powers Street HDFC,355031,3070460,6,COOP,2,Community Management Program (CMP),Graham Smokoski,,301,34,53,18,12,11211,481
3027910005,3,2791,5,318,UNION AVENUE,318 Union Avenue HDFC,382922,3069652,8,COOP,2,Community Management Program (CMP),Graham Smokoski,,301,34,53,18,7,11211,513
3040540003,3,4054,3,319,BERRIMAN STREET,319 Berriman Street HDFC,209435,3089868,3,COOP,1,Tenant Interim Lease (TIL),Mark Matthews,,305,42,60,19,8,11208,1194
3018650026,3,1865,26,32,HERKIMER STREET,32 Herkimer Street HDFC,311452,3053893,5,COOP,2,Tenant Interim Lease (TIL),Mark Matthews,,303,36,57,25,8,11216,247
3024180005,3,2418,5,325,BEDFORD AVENUE,323-325 Bedford Avenue HDFC,206211,3063109,24,COOP,2,Tenant Interim Lease (TIL),Mark Matthews,,301,34,50,18,7,11211,551
3018230073,3,1823,73,327,PUTNAM AVENUE,327 Putman Avenue HDFC,358082,3051642,6,COOP,2,Tenant Interim Lease (TIL),Mark Matthews,,303,36,56,25,8,11216,249
3024370007,3,2437,7,330,SOUTH 3 STREET,330 South 3 Street HDFC,372150,3063348,27,COOP,2,Community Management Program (CMP),Mark Matthews,,301,34,53,18,7,11211,527
3019970020,3,1997,20,28,JEFFERSON AVENUE,34 Jefferson Avenue HDFC,317091,3057383,66,RENTAL,2,,,,303,35,57,25,8,11238,227
3011530025,3,1153,25,340,ST MARKS AVENUE,340 Saint Marks Avenue HDFC,374748,3028555,6,COOP,2,Tenant Interim Lease (TIL),Mark Matthews,,308,35,57,20,9,11238,205
3024370011,3,2437,11,338,SOUTH 3 STREET,340 SOUTH THIRD STREET HOUSING DEVELOPMENT FUND CORP,372153,3063350,41,RENTAL,2,Participation Loan Program (PLP),,OTP,301,34,53,18,7,11211,527
3024490021,3,2449,21,327,KEAP STREET,341 South 5 Street HDFC,372423,3321340,4,COOP,2,Tenant Interim Lease (TIL),Mark Matthews,,301,34,53,18,7,11211,527
3024310003,3,2431,3,343,BEDFORD AVENUE,343-345  Bedford Avenue HDFC,206290,3063266,24,COOP,2,Community Management Program (CMP),Mark Matthews,,301,34,50,18,7,11211,551
3024370014,3,2437,14,344,SOUTH 3 STREET,344 SOUTH 3 ST HOUSING DEV FUND CORP,372154,3063351,6,COOP,2,,,,301,34,53,18,7,11211,527
3009740050,3,974,50,345,3 STREET,345 3 Street HDFC,128613,3020908,8,COOP,2,Tenant Interim Lease (TIL),Mark Matthews,,306,39,52,20,7,11215,135
3024370015,3,2437,15,346,SOUTH 3 STREET,346 SOUTH 3 ST HOUSING DEV FUND CORP,372155,3063352,8,RENTAL,2,,,Homesteading,301,34,53,18,7,11211,527
3011890064,3,1189,64,17,CROWN STREET,35 Crown Street HDFC,228404,0,58,COOP,2,Community Management Program (CMP),Mark Matthews,,309,35,57,21,9,11225,213
3028750055,3,2875,55,35,KINGSLAND AVENUE,35 Kingsland Avenue HDFC,320805,3070140,6,COOP,2,Community Management Program (CMP),Graham Smokoski,,301,34,50,18,12,11211,477
3024500015,3,2450,15,350,SOUTH 4 STREET,350-52 South 4 Street HDFC,372308,3063498,35,COOP,2,Community Management Program (CMP),Mark Matthews,,301,34,53,18,7,11211,527
3024370018,3,2437,18,354,SOUTH 3 STREET,354 SOUTH 3 ST HOUSING DEVELOPMENT FUND,372161,3063355,8,RENTAL,2,,,Sweat Equity,301,34,53,18,7,11211,527
3024500017,3,2450,17,354,SOUTH 4 STREET,354 South 4 Street HDFC,372311,3063499,8,COOP,2,Tenant Interim Lease (TIL),Mark Matthews,,301,34,53,18,7,11211,527
3050450023,3,5045,23,36,HAWTHORNE STREET,36-38 Hawthorne Street HDFC,309301,3115661,9,COOP,2,Tenant Interim Lease (TIL),Mark Matthews,,309,40,43,21,9,11225,79601
3024120002,3,2412,2,384,KEAP STREET,364 Keap Street HDFC,318943,3063038,27,COOP,2,Community Management Program (CMP),Mark Matthews,,301,34,53,18,7,11211,513
3024250003,3,2425,3,368,HOOPER STREET,368 HOOPER STREET SHG DEV FUND CORP,313533,3063203,5,COOP,2,,,,301,34,53,18,7,11211,527
3028750054,3,2875,54,37,KINGSLAND AVENUE,37 Kingsland Avenue HDFC,320809,3070139,6,COOP,2,Community Management Program (CMP),Graham Smokoski,,301,34,50,18,12,11211,477
3024250004,3,2425,4,370,HOOPER STREET,370 HOOPER ST HSG DEV FUND CORP,313534,3063204,6,RENTAL,2,,,Sweat Equity,301,34,53,18,7,11211,527
3024250005,3,2425,5,372,HOOPER STREET,372 HOOPER STREET HSG DEV FUND CORP,313535,3063205,6,RENTAL,2,,,Sweat Equity,301,34,53,18,7,11211,527
3019820033,3,1982,33,373,GRAND AVENUE,373 Grand Avenue HDFC,302330,3056829,4,COOP,2,Tenant Interim Lease (TIL),Mark Matthews,,302,35,57,25,8,11238,231
3024240018,3,2424,18,374,SOUTH 2 STREET,374-76 South 2 Street HDFC,372034,3063196,41,COOP,2,Tenant Interim Lease (TIL),Mark Matthews,,301,34,53,18,7,11211,527
3011767501,3,1176,7501,,,376 ST JOHN'S HDFC,373980,3029519,8,CONDO,2,,,ACRIS Records/CO under Lot 22,,,,,,,
3018360001,3,1836,1,379,HANCOCK STREET,379 Hancock Street HDFC,307012,3052486,8,COOP,2,Tenant Interim Lease (TIL),Mark Matthews,,303,36,56,25,8,11216,275
3009750016,3,975,16,386,2 STREET,386 2 Street HDFC,127265,3020931,8,COOP,2,Tenant Interim Lease (TIL),Mark Matthews,,306,39,52,21,7,11215,135
3018470033,3,1847,33,388,HALSEY STREET,388 Halsey Street HDFC,305885,3053171,8,COOP,2,Tenant Interim Lease (TIL),Mark Matthews,,303,36,56,25,8,11216,275
3022400043,3,2240,43,392,MARCY AVENUE,392 Marcy Avenue HDFC,332555,3061285,6,COOP,2,Tenant Interim Lease (TIL),Mark Matthews,,301,33,50,26,7,11206,531
3024640002,3,2464,2,392,SOUTH 5 STREET,392 South 5 Street HDFC,372456,3063615,31,COOP,2,Tenant Interim Lease (TIL),Mark Matthews,,301,34,53,18,7,11211,527
3018350031,3,1835,31,394,JEFFERSON AVENUE,394 Jefferson Avenue HDFC,317205,3052437,3,COOP,1,Tenant Interim Lease (TIL),Mark Matthews,,303,36,56,25,8,11221,267
3023980015,3,2398,15,349,SOUTH 1 STREET,407-409 Keap Street HDFC,371873,3062863,28,COOP,2,Tenant Interim Lease (TIL),Mark Matthews,,301,34,53,18,7,11211,513
3057910013,3,5791,13,414,61 STREET,414 61 Street HDFC,162810,3143724,17,COOP,2,Tenant Interim Lease (TIL),Mark Matthews,,307,38,51,20,7,11220,122
3012920001,3,1292,1,421,CROWN STREET,421 Crown Street HDFC,228457,3033966,39,COOP,2,Tenant Interim Lease (TIL),Mark Matthews,,309,35,43,20,9,11225,333
3011660063,3,1166,63,431,STERLING PLACE,431 West Sterling HDFC,376742,3322582,8,COOP,2,Tenant Interim Lease (TIL),Mark Matthews,,308,35,57,20,9,11238,207
3011050046,3,1105,46,445,16 STREET,445 16 Street HDFC,141640,3026713,8,COOP,2,Tenant Interim Lease (TIL),Mark Matthews,,307,39,44,21,9,11215,169
3021460022,3,2146,22,452,BEDFORD AVENUE,452 Bedford Avenue HDFC,206825,3059671,6,COOP,2,Tenant Interim Lease (TIL),Mark Matthews,,301,33,50,18,7,11249,547
3019850005,3,1985,5,463,CLASSON AVENUE,463 Classon Avenue HDFC,221658,3056956,10,COOP,2,Tenant Interim Lease (TIL),Mark Matthews,,303,35,57,25,8,11238,229
3012610058,3,1261,58,465,EASTERN PARKWAY,465 Eastern Parkway HDFC,287844,3032645,21,COOP,2,Tenant Interim Lease (TIL),Mark Matthews,,308,35,43,20,9,11216,31702
3016590026,3,1659,26,468,HANCOCK STREET,468 Hancock Street HDFC,307119,3046015,3,COOP,1,Tenant Interim Lease (TIL),Mark Matthews,,303,36,56,25,8,11233,275
3016120064,3,1612,64,479,VAN BUREN STREET,477-79 Van Buren Street HDFC,385858,3043671,20,COOP,2,Tenant Interim Lease (TIL),Mark Matthews,,303,36,56,18,8,11221,387
3016120062,3,1612,62,483,VAN BUREN STREET,481 Van Buren Street HDFC,385862,3043670,16,COOP,2,Tenant Interim Lease (TIL),Mark Matthews,,303,36,56,18,8,11221,387
3009330009,3,933,9,49,5 AVENUE,49 5 Avenue HDFC,130601,3018583,6,COOP,2,Tenant Interim Lease (TIL),Mark Matthews,,306,39,52,25,9,11217,12902
3016540003,3,1654,3,494,JEFFERSON AVENUE,494 Jefferson Avenue HDFC,317297,3045659,8,COOP,2,Tenant Interim Lease (TIL),Mark Matthews,,303,36,56,25,8,11221,275
3038050041,3,3805,41,498,PENNSYLVANIA AVENUE,498 Pennsylvania Avenue HDFC,353136,3084640,32,COOP,2,Tenant Interim Lease (TIL),Mark Matthews,,305,42,60,19,8,11207,1126
3004400044,3,440,44,505,PRESIDENT STREET,505 President Street HDFC,355712,3258456,7,COOP,2,Tenant Interim Lease (TIL),Mark Matthews,,306,39,52,25,7,11215,119
3004400043,3,440,43,509,PRESIDENT STREET,507-9 President Street HDFC,355715,3259200,8,COOP,2,Tenant Interim Lease (TIL),Mark Matthews,,306,39,52,25,7,11215,119
3019480063,3,1948,63,51,CLIFTON PLACE,51 Clinton Place HDFC,222702,3055608,16,COOP,2,Tenant Interim Lease (TIL),Mark Matthews,,302,35,57,25,8,11238,231
3011620064,3,1162,64,511,PARK PLACE,511 Park Place HDFC,351935,3028968,8,COOP,2,Tenant Interim Lease (TIL),Mark Matthews,,308,35,57,20,9,11238,305
3040740014,3,4074,14,511,VAN SICLEN AVENUE,511 Van Siclen HDFC,385417,3090369,20,COOP,2,Tenant Interim Lease (TIL),Mark Matthews,,305,42,60,19,8,11207,1124
3027150005,3,2715,5,534,GRAHAM AVENUE,534 Graham Avenue HDFC,289679,3067812,16,COOP,2,Community Management Program (CMP),Graham Smokoski,,301,33,50,26,12,11222,499
3026990030,3,2699,30,543,GRAHAM AVENUE,543 Graham Avenue HDFC,302223,3067558,6,COOP,2,Community Management Program (CMP),Graham Smokoski,,301,33,50,26,12,11222,499
3003950063,3,395,63,545,WARREN STREET,545 WARREN STREET HOUSING DEVELOPMENT FUND CORPORATION,831016,3347212,11,RENTAL Shd be COOP,2,,,,302,33,52,25,7,11217,127
3017620072,3,1762,72,547,DE KALB AVENUE,551 Dekalb Avenue HDFC,808057,3324232,8,COOP,2,Tenant Interim Lease (TIL),Mark Matthews,,303,33,57,25,8,11205,241
3014760006,3,1476,6,553,HOWARD AVENUE,553 Howard Avenue HDFC,314175,3039579,12,RENTAL,2,Community Management Program (CMP),,,316,41,55,20,9,11233,361
3011680088,3,1168,88,571,STERLING PLACE,569-71 Sterling Place HDFC,376777,3029303,6,COOP,2,Tenant Interim Lease (TIL),Mark Matthews,,308,35,57,20,9,11238,217
3011680089,3,1168,89,569,STERLING PLACE,569-71 Sterling Place HDFC,376776,3029304,6,COOP,2,Tenant Interim Lease (TIL),Mark Matthews,,308,35,57,20,9,11238,217
3000340002,3,34,2,57,HUDSON AVENUE,57 Hudson Avenue HDFC,314641,3000065,4,COOP,2,Tenant Interim Lease (TIL),Mark Matthews,,302,33,52,26,7,11201,21
3011750021,3,1175,21,572,STERLING PLACE,572 STERLING PL HOUSING DEVELOPMENT FUND CORP,376778,3029468,16,COOP,2,Article 8A Loan,,,308,35,57,20,9,11238,217
3051010029,3,5101,29,575,OCEAN AVENUE,575 Ocean Avenue HDFC,347755,3117143,63,COOP,2,Tenant Interim Lease (TIL),Mark Matthews,,314,40,42,21,9,11226,51002
3003950050,3,395,50,575,WARREN STREET,575 Warren Street HDFC,388135,3006286,8,COOP,2,Tenant Interim Lease (TIL),Mark Matthews,,302,33,52,25,7,11217,127
3013870052,3,1387,52,578,RALPH AVENUE,578 Ralph Avenue HDFC,360173,3037219,17,COOP,2,Tenant Interim Lease (TIL),Mark Matthews,,308,41,55,20,9,11233,359
3026910066,3,2691,66,580,MORGAN AVENUE,580 MORGAN AVE HDFC,340380,3067388,8,COOP,2,Community Management Program (CMP),Mark Matthews,,301,33,50,18,12,11222,593
3026910068,3,2691,68,582,MORGAN AVENUE,582 Morgan Avenue HDFC,340382,3067389,8,COOP,2,Community Management Program (CMP),Graham Smokoski,,301,33,50,18,12,11222,593
3012070072,3,1207,72,585,NOSTRAND AVENUE,585 Nostrand Avenue HDFC,230724,3030088,11,COOP,2,Tenant Interim Lease (TIL),Mark Matthews,,308,36,56,25,8,11216,315
3026910071,3,2691,71,586,MORGAN AVENUE,586 Morgan Avenue HDFC,340386,3067391,8,RENTAL,2,Community Management Program (CMP),Graham Smokoski,,301,33,50,18,12,11222,593
3050560040,3,5056,40,590,PARKSIDE AVENUE,590 Parkside Avenue HDFC,352269,3116008,40,COOP,2,Tenant Interim Lease (TIL),Mark Matthews,,309,40,43,20,9,11226,822
3016040001,3,1604,1,37,MALCOLM X BOULEVARD,591 Kosciusko Street HDFC,360543,3043289,4,COOP,2,Tenant Interim Lease (TIL),Mark Matthews,,303,36,54,18,8,11221,289
3012050006,3,1205,6,595,FRANKLIN AVENUE,595 Franklin Avenue HDFC,295884,3029956,8,COOP,2,Tenant Interim Lease (TIL),Mark Matthews,,308,35,57,25,8,11238,221
3052370016,3,5237,16,604,EAST 17 STREET,604 East 17 Street HDFC,247165,3121208,6,COOP,2,Tenant Interim Lease (TIL),Mark Matthews,,314,40,42,21,9,11226,518
3025710020,3,2571,20,63,FRANKLIN STREET,63 Franklin Street HDFC,296196,3065023,7,COOP,2,Community Management Program (CMP),Mark Matthews,,301,33,50,26,12,11222,561
3011630060,3,1163,60,631,PARK PLACE,631 Park Place HDFC,351981,3029016,6,COOP,2,Tenant Interim Lease (TIL),Mark Matthews,,308,35,57,20,9,11238,305
3011630058,3,1163,58,633,PARK PLACE,633 Park Place HDFC,351982,3029015,6,COOP,2,Tenant Interim Lease (TIL),Mark Matthews,,308,35,57,20,9,11238,305
3011750049,3,1175,49,638,STERLING PLACE,638 Sterling Place HDFC,376817,3029485,6,COOP,2,Tenant Interim Lease (TIL),Mark Matthews,,308,35,57,20,9,11238,217
3009370011,3,937,11,638,WARREN STREET,638 Warren Street HDFC,388158,3018797,8,COOP,2,Tenant Interim Lease (TIL),Mark Matthews,,306,39,52,25,7,11217,12901
3009550054,3,955,54,639,PRESIDENT STREET,639 President Street HDFC,355777,3020077,10,COOP,2,Tenant Interim Lease (TIL),Mark Matthews,,306,39,52,25,7,11215,133
3027870017,3,2787,17,648,GRAND STREET,648 Grand Street HDFC,302796,3323049,37,COOP,2,Community Management Program (CMP),Graham Smokoski,,301,34,53,18,7,11211,503
3023090031,3,2309,31,65,NORTH 8 STREET,65 North 8 Street HDFC,345595,3061736,14,COOP,2,Community Management Program (CMP),Mark Matthews,,301,33,50,26,12,11249,557
3016410055,3,1641,55,651,MADISON STREET,651 Madison Street HDFC,331141,3044960,31,COOP,2,Tenant Interim Lease (TIL),Mark Matthews,,303,36,56,25,8,11221,293
3027870019,3,2787,19,654,GRAND STREET,654-58 Grand Street HDFC,302799,3331617,33,COOP,2,Community Management Program (CMP),Graham Smokoski,,301,34,53,18,7,11211,503
3025390025,3,2539,25,67,JAVA STREET,65-67 Java Street HDFC,316580,3064397,8,COOP,2,Community Management Program (CMP),Mark Matthews,,301,33,50,26,12,11222,565
3025390026,3,2539,26,65,JAVA STREET,65-67 Java Street HDFC,316579,3064398,8,COOP,2,Community Management Program (CMP),Mark Matthews,,301,33,50,26,12,11222,565
3022730008,3,2273,8,666,BROADWAY,666-668 Broadway HDFC,214234,3061474,12,COOP,2,Tenant Interim Lease (TIL),Mark Matthews,,301,33,53,18,7,11206,507
3022730009,3,2273,9,668,BROADWAY,666-668 Broadway HDFC,214235,3061475,12,COOP,2,Tenant Interim Lease (TIL),Mark Matthews,,301,33,53,18,7,11206,507
3016120003,3,1612,3,67,MALCOLM X BOULEVARD,67 Malcolm X Boulevard HDFC,360557,3043636,8,COOP,2,Tenant Interim Lease (TIL),Mark Matthews,,303,36,56,18,8,11221,387
3011550054,3,1155,54,698,CLASSON AVENUE,698 Classon Avenue HDFC,221764,3325284,20,COOP,2,Tenant Interim Lease (TIL),Mark Matthews,,308,35,57,20,9,11238,305
3036420020,3,3642,20,689,BRISTOL STREET,699 Bristol Street HDFC,213577,3083067,4,COOP,2,Tenant Interim Lease (TIL),Mark Matthews,,316,42,58,19,8,11236,922
3019480051,3,1948,51,73,CLIFTON PLACE,71-73 Clifton Place HDFC,222721,3055598,5,COOP,2,Tenant Interim Lease (TIL),Mark Matthews,,302,35,57,25,8,11238,231
3019480052,3,1948,52,71,CLIFTON PLACE,71-73 Clifton Place HDFC,222719,3055599,4,COOP,2,Tenant Interim Lease (TIL),Mark Matthews,,302,35,57,25,8,11238,231
3016580093,3,1658,93,719,HANCOCK STREET,719 Hancock Street HDFC,307339,3045993,8,COOP,2,Tenant Interim Lease (TIL),Mark Matthews,,303,41,56,25,8,11233,383
3027320008,3,2732,8,72,RICHARDSON STREET,72 Richardson Street HDFC,361485,3068057,20,COOP,2,Community Management Program (CMP),Graham Smokoski,,301,34,50,18,12,11211,515
3043290001,3,4329,1,684,HEGEMAN AVENUE,721 Van Siclen Avenue HDFC,309622,3097445,42,COOP,2,Tenant Interim Lease (TIL),Mark Matthews,,305,42,60,19,8,11207,1104
3024060026,3,2406,26,728,DRIGGS AVENUE,728 Driggs Avenue HDFC,234661,3062966,30,COOP,2,Community Management Program (CMP),Ron Sinacori,,301,34,50,18,7,11211,551
3008500020,3,850,20,730,57 STREET,730-34 57 Street HDFC,159689,3015865,16,COOP,2,Tenant Interim Lease (TIL),Mark Matthews,,307,38,49,20,7,11220,104
3027830040,3,2783,40,733,GRAND STREET,733 Grand Street HDFC,302845,3069462,6,COOP,2,Tenant Interim Lease (TIL),Graham Smokoski,,301,34,53,18,12,11211,495
3009340040,3,934,40,74,5 AVENUE,74 5 Avenue HDFC,131170,3018665,6,COOP,2,Tenant Interim Lease (TIL),Mark Matthews,,306,39,52,25,9,11217,12901
3027320009,3,2732,9,74,RICHARDSON STREET,74 Richardson Street HDFC,361487,3068058,20,COOP,2,Community Management Program (CMP),Graham Smokoski,,301,34,50,18,12,11211,515
3033220026,3,3322,26,75,LINDEN STREET,75 Linden Street HDFC,327778,3076072,12,COOP,2,Community Management Program (CMP),Ron Sinacori,,304,34,54,18,7,11221,399
3027320010,3,2732,10,76,RICHARDSON STREET,76 Richardson Street HDFC,361491,3068060,20,COOP,2,Community Management Program (CMP),Graham Smokoski,,301,34,50,18,12,11211,515
3012640046,3,1264,46,773,EASTERN PARKWAY,767-773 Eastern Parkway HDFC,287993,3032783,16,COOP,2,Tenant Interim Lease (TIL),Mark Matthews,,308,35,43,20,9,11213,337
3012640048,3,1264,48,767,EASTERN PARKWAY,767-773 Eastern Parkway HDFC,287990,3032784,16,COOP,2,Tenant Interim Lease (TIL),Mark Matthews,,308,35,43,20,9,11213,337
3016140050,3,1614,50,775,GREENE AVENUE,775 Greene Avenue HDFC,304483,3043736,4,COOP,2,Tenant Interim Lease (TIL),Mark Matthews,,303,36,56,25,8,11221,279
3024040016,3,2404,16,78,SOUTH 1 STREET,78 South 1 Street HDFC,371902,3062902,31,COOP,2,Community Management Program (CMP),Mark Matthews,,301,34,50,18,7,11249,551
3016580063,3,1658,63,783,HANCOCK STREET,783 HANCOCK ST HSING DVL,307403,3045967,8,COOP,2,Article 8A Loan,,,303,41,56,25,8,11233,383
3016520045,3,1652,45,154,PATCHEN AVENUE,783 Jefferson Avenue HDFC,352601,3045562,7,COOP,2,Tenant Interim Lease (TIL),Mark Matthews,,303,36,56,25,8,11221,385
3012080038,3,1208,38,1384,PACIFIC STREET,78-88 Brooklyn Avenue/1378 Pacific Street HDFC,349570,3030111,23,COOP,2,Tenant Interim Lease (TIL),Mark Matthews,,308,36,56,25,8,11216,313
3012080041,3,1208,41,88,BROOKLYN AVENUE,78-88 Brooklyn Avenue/1378 Pacific Street HDFC,214901,3030112,23,COOP,2,Tenant Interim Lease (TIL),Mark Matthews,,308,36,56,25,8,11216,313
3014990020,3,1499,20,789,MAC DONOUGH STREET,789 Macdonough Street HDFC,334928,3040255,41,COOP,2,Community Management Program (CMP),Mark Matthews,,316,41,55,25,8,11233,373
3018560074,3,1856,74,79,DECATUR STREET,79 Decatur Street HDFC,232409,3053618,8,COOP,2,Tenant Interim Lease (TIL),Mark Matthews,,303,36,56,25,8,11216,273
3021140032,3,2114,32,79,HANSON PLACE,79 HANSON PLACE HDFC,307578,3059281,8,RENTAL Shd be COOP,2,7A Financial Assistance,,TPT,302,35,57,25,8,11217,35
3016470001,3,1647,1,795,PUTNAM AVENUE,795 Putnam Avenue HDFC,358470,3045243,6,COOP,2,Tenant Interim Lease (TIL),Mark Matthews,,303,36,56,25,8,11221,385
3012470062,3,1247,62,805,ST JOHNS PLACE,805 Saint Johns Place HDFC,374154,3031892,6,COOP,2,Tenant Interim Lease (TIL),Mark Matthews,,308,35,43,20,9,11216,31702
3012270068,3,1227,68,821,PROSPECT PLACE,821 Prospect Place HDFC,357310,3031019,17,COOP,2,Tenant Interim Lease (TIL),Mark Matthews,,308,36,43,25,9,11216,31701
3024830059,3,2483,59,83,CLAY STREET,83 Clay Street HDFC,221866,3063727,5,COOP,2,Tenant Interim Lease (TIL),Mark Matthews,,301,33,50,18,12,11222,579
3025030029,3,2503,29,211,FRANKLIN STREET,83 Freeman Street HDFC,296150,3063886,9,COOP,2,Community Management Program (CMP),Graham Smokoski,,301,33,50,18,12,11222,563
3012410005,3,1241,5,838,PARK PLACE,838 Park Place HDFC,352069,3031524,8,COOP,2,Tenant Interim Lease (TIL),Mark Matthews,,308,36,43,25,9,11216,31701
3012280037,3,1228,37,850,ST MARKS AVENUE,840-50 Saint Marks Avenue HDFC,375015,3031037,54,COOP,2,Tenant Interim Lease (TIL),Mark Matthews,,308,36,43,25,9,11213,341
3012410007,3,1241,7,842,PARK PLACE,842 Park Place HDFC,352072,3031525,8,COOP,2,Tenant Interim Lease (TIL),Mark Matthews,,308,36,43,25,9,11216,31701
3012410009,3,1241,9,848,PARK PLACE,848 Park Place HDFC,352076,3031526,9,COOP,2,Tenant Interim Lease (TIL),Mark Matthews,,308,36,43,25,9,11216,31701
3009200023,3,920,23,850,40 STREET,850-60 40 Street HDFC,148829,3018124,36,RENTAL,2,Community Management Program (CMP),,,312,38,51,17,7,11232,90
3029220043,3,2922,43,863,GRAND STREET,863 Grand Street HDFC,302899,3070451,3,COOP,2,Tenant Interim Lease (TIL),Mark Matthews,,301,34,53,18,12,11211,481
3032430052,3,3243,52,87,STOCKHOLM STREET,87 Stockholm Street HDFC,377771,3073775,20,COOP,2,Tenant Interim Lease (TIL),Ron Sinacori,,304,34,53,18,7,11221,421
3010510024,3,1051,24,88,16 STREET,88 16 Street HDFC,141800,3024073,16,COOP,2,Tenant Interim Lease (TIL),Mark Matthews,,307,39,51,20,7,11215,117
3023110007,3,2311,7,89,BERRY STREET,89 Berry Street HDFC,209691,3061774,3,RENTAL,1,Community Management Program (CMP),,,301,33,50,26,12,11249,517
3020150070,3,2015,70,89,LEFFERTS PLACE,89 Lefferts Place HDFC,323809,3057680,32,COOP,2,Tenant Interim Lease (TIL),Mark Matthews,,302,36,57,25,8,11238,227
3031390012,3,3139,12,892,FLUSHING AVENUE,890 Flushing Avenue HDFC,294186,3071834,27,COOP,2,Community Management Program (CMP),Ron Sinacori,,304,34,53,18,7,11206,391
3014240049,3,1424,49,897,EMPIRE BOULEVARD,897-903 Empire Boulevard HDFC,289672,3038411,58,COOP,2,Tenant Interim Lease (TIL),Mark Matthews,,309,41,43,20,9,11213,355
3050740060,3,5074,60,9,ARGYLE ROAD,9 ARGYLE ROAD HOUSING DEVELOPMENT FUND CORP,243980,3116436,12,COOP,2,,,,314,40,42,21,9,11218,506
3014840004,3,1484,4,920,MADISON STREET,920 Madison Street HDFC,331301,3039721,13,RENTAL,2,Community Management Program (CMP),,,303,41,55,18,8,11221,375
3032370018,3,3237,18,924,HART STREET,924 Hart Street HDFC,308830,3073643,6,COOP,2,Community Management Program (CMP),Ron Sinacori,,304,37,53,18,7,11237,445
3012350071,3,1235,71,941,PARK PLACE,941 Park Place HDFC,352128,3031307,16,COOP,2,Tenant Interim Lease (TIL),Mark Matthews,,308,36,43,25,9,11213,341
3021460027,3,2146,27,95,SOUTH 10 STREET,95 South 10 Street HDFC,372703,3059674,35,COOP,2,Community Management Program (CMP),Mark Matthews,,301,33,50,18,7,11249,547
3025400045,3,2540,45,951,MANHATTAN AVENUE,951 Manhattan Avenue HDFC,331947,3064437,7,COOP,2,Community Management Program (CMP),Graham Smokoski,,301,33,50,18,12,11222,565
3012300025,3,1230,25,952,ST MARKS AVENUE,952 Saint Marks Avenue HDFC,375073,3031068,40,COOP,2,Tenant Interim Lease (TIL),Mark Matthews,,308,36,56,25,9,11213,343
3014830058,3,1483,58,969,PUTNAM AVENUE,969 Putnam Avenue HDFC,358597,3039714,8,COOP,2,Tenant Interim Lease (TIL),Mark Matthews,,303,41,55,25,8,11221,375
3024950068,3,2495,68,97,EAGLE STREET,97 Eagle Street HDFC,235247,3063832,6,RENTAL,2,Community Management Program (CMP),,,301,33,50,18,12,11222,563
3021310035,3,2131,35,99,SOUTH 8 STREET,97 South 8 Street HDFC,372585,3059523,30,COOP,2,Tenant Interim Lease (TIL),Mark Matthews,,301,34,50,18,7,11249,549
3012230051,3,1223,51,973,ST MARKS AVENUE,971-73 Saint Marks Avenue HDFC,375084,3030843,8,COOP,2,Tenant Interim Lease (TIL),Mark Matthews,,308,36,56,25,9,11213,311
3012230052,3,1223,52,971,ST MARKS AVENUE,971-73 Saint Marks Avenue HDFC,375083,3030844,8,COOP,2,Tenant Interim Lease (TIL),Mark Matthews,,308,36,56,25,9,11213,311
3014850012,3,1485,12,980,PUTNAM AVENUE,980 PUTNAM AVE HDFC,358606,3039746,7,COOP,2,Section 312,,,303,41,56,25,8,11221,375
3014850014,3,1485,14,982,PUTNAM AVENUE,982 PUTNAM AVE HOUSING DEVELOPMENT FUND CORPORATION,358609,3039747,7,COOP,2,Section 312,,,303,41,56,25,8,11221,375
3014850016,3,1485,16,986,PUTNAM AVENUE,986 PUTNAM AVE HDFC,358613,3039749,7,COOP,2,Section 312,,,303,41,56,25,8,11221,375
3036220001,3,3622,1,49,HEGEMAN AVENUE,988-90 Hopkinson Avenue HDFC,309539,3082720,24,COOP,2,Tenant Interim Lease (TIL),Mark Matthews,,316,42,58,19,9,11212,896
3014850019,3,1485,19,992,PUTNAM AVENUE,992 PUTNAM AVE HOUSING DEVELOPMENT FUND CORPORATION,358620,3039752,6,COOP,2,Section 312,,,303,41,56,25,8,11221,375
3042110019,3,4211,19,970,GLENMORE AVENUE,ACORN DUMONT SNEDIKER HDFC,932067,3094636,6,COOP,2,Third Party Transfer (TPT),Mark Matthews,Former TIL. Former owner: 970 Glenmore Avenue HDFC,305,42,54,18,8,11208,1196
3019860029,3,1986,29,310,GATES AVENUE,Bedford/Gates Estates HDFC,807742,3335080,8,COOP,2,Tenant Interim Lease (TIL),Mark Matthews,,303,36,57,25,8,11216,229
3016320065,3,1632,65,919,GATES AVENUE,BSDC NEIGHBORHOOD HOMES HDFC,299592,3044564,6,1- to 4-Family Home [Under development],2,Neighborhood Homes Program (NHP),,,303,36,56,25,8,11221,387
3018030053,3,1803,53,323,QUINCY STREET,BSDC NEIGHBORHOOD HOMES HDFC,359228,3050626,7,1- to 4-Family Home [Under development],1,Neighborhood Homes Program (NHP) - 203K,,,303,36,56,25,8,11216,251
3017770015,3,1777,15,248,PULASKI STREET,CABS HOUSING DEVELOPMENT FUND CORP,357481,3049568,66,COOP,2,,,,303,36,56,18,8,11206,281
3019800045,3,1980,45,110,CAMBRIDGE PLACE,Cambridge Heights HDFC,216586,3056717,21,COOP,2,Tenant Interim Lease (TIL),Mark Matthews,,302,35,57,25,8,11238,201
3019800048,3,1980,48,116,CAMBRIDGE PLACE,Cambridge Heights HDFC,216590,3056718,21,COOP,2,Tenant Interim Lease (TIL),Mark Matthews,,302,35,57,25,8,11238,201
3001980001,3,198,1,93,3 AVENUE,Casbah HDFC,128349,3001437,7,COOP,2,Third Party Transfer (TPT),Graham Smokoski,,302,33,52,25,8,11217,39
3023380023,3,2338,23,64,HAVEMEYER STREET,CONVENT HOUSING DEVELOPMENT FUND CORPORATION,309169,3062267,11,COOP,2,Urban Homesteading Program (UHP),Mark Matthews,,301,33,50,18,12,11211,519
3011550067,3,1155,67,475,PROSPECT PLACE,Destiny HDFC,357173,3028642,8,COOP,2,Urban Homesteading Program (UHP),Mark Matthews,,308,35,57,20,9,11238,305
3006450067,3,645,67,129,23 STREET,F A C HOME OWNERSHIP HDFC,146010,3009424,8,1- to 4-Family Home [Under development],2,Capital Improvement Program/Capital Projects Bureau,Graham Smokoski,,307,38,51,25,7,11232,145
3009310001,3,931,1,45,5 AVENUE,Fifth and  Bergen HDFC,130498,3018475,9,COOP,2,Tenant Interim Lease (TIL) 2,Mark Matthews,,306,39,52,25,9,11217,12902
3009310002,3,931,2,43,5 AVENUE,Fifth and  Bergen HDFC,130464,3018476,7,COOP,,Tenant Interim Lease (TIL) 2,Mark Matthews,,306,39,52,25,9,11217,12902
3007240042,3,724,42,4214,5 AVENUE,FUERZA LATINA HOUSING DEVELOPMENT FUND CORP,130454,3010859,10,COOP,2,,,,307,38,51,20,7,11232,82
3007240043,3,724,43,4218,5 AVENUE,FUERZA LATINA HOUSING DEVELOPMENT FUND CORP,130455,3010860,8,COOP,2,,,,307,38,51,20,7,11232,82
3007240044,3,724,44,4220,5 AVENUE,FUERZA LATINA HOUSING DEVELOPMENT FUND CORP,130456,3010861,8,COOP,2,,,,307,38,51,20,7,11232,82
3007240045,3,724,45,4226,5 AVENUE,FUERZA LATINA HOUSING DEVELOPMENT FUND CORP,130457,3010862,8,COOP,2,,,,307,38,51,20,7,11232,82
3016380006,3,1638,6,99,PATCHEN AVENUE,GP-UHAB HDFC Sold to Wavecrest,352695,3044711,104,RENTAL,2,,HDC,,303,41,56,25,8,11221,385
3016630048,3,1663,48,128,RALPH AVENUE,HANCOCK MANOR HDFC,307420,3046317,4,COOP,2,Housing Trust Fund - State,Sara Greene-Deshong,,303,41,56,25,8,11233,383
3024380020,3,2438,20,392,SOUTH 3 STREET,Hewes Street HDFC,372190,3063379,23,RENTAL,2,Tenant Interim Lease (TIL),,,301,34,53,18,7,11211,527
3012080074,3,1208,74,1285,DEAN STREET,"IMANI HOUSING DEVELOPMENT FUND COMPANY, INC.",230790,3030129,8,COOP,2,Article 8A Loan,,,308,36,56,25,8,11216,313
3014420066,3,1442,66,1828,EASTERN PARKWAY,Jose Maria Garcia HDFC,948033,3038759,27,COOP,2,Community Management Program (CMP),,,316,37,55,19,8,11233,36501
3024310005,3,2431,5,341,BEDFORD AVENUE,La Borinquena HDFC,206282,3063267,33,COOP,2,Tenant Interim Lease (TIL),Mark Matthews,,301,34,50,18,7,11211,551
3027570033,3,2757,33,605,METROPOLITAN AVENUE,Lormet HDFC,336579,3068691,20,RENTAL,2,Community Management Program (CMP),Graham Smokoski,,301,34,53,18,12,11211,501
3027570034,3,2757,34,601,METROPOLITAN AVENUE,Lormet HDFC,336577,3068692,20,RENTAL,2,Community Management Program (CMP),Graham Smokoski,,301,34,53,18,12,11211,501
3007190037,3,719,37,472,41 STREET,MASAYA HDFC,149255,3010744,16,COOP,2,Negotiated Sale,,,307,38,51,20,7,11232,82
3020270001,3,2027,1,41,NORTH ELLIOTT PLACE,NAVY YARD HOUSING DEVELOPMENT FUND CO INC,341076,3057921,159,COOP,2,Article 8A Loan,,,302,35,50,25,8,11205,211
3013680001,3,1368,1,191,ROCHESTER AVENUE,NEIGHBORHOOD RESTORE HDFC,362389,3036296,20,COOP,2,Third Party Transfer (TPT),Mark Matthews,Former TIL. Former owner: 1493 Park Place HDFC,308,36,55,25,9,11213,347
3018230029,3,1823,29,248,MADISON STREET,NEIGHBORHOOD RESTORE HOUSING DEVELOPMENT FUND CORP,330823,3051638,8,RENTAL,2,Third Party Transfer (TPT),Mark Matthews,Former TIL,303,36,56,25,8,11216,249
3018230031,3,1823,31,250,MADISON STREET,NEIGHBORHOOD RESTORE HOUSING DEVELOPMENT FUND CORP,330827,3051639,8,RENTAL,2,Third Party Transfer (TPT),Mark Matthews,Former TIL,303,36,56,25,8,11216,249
3019480014,3,1948,14,342,LAFAYETTE AVENUE,NEIGHBORHOOD RESTORE HOUSING DEVELOPMENT FUND CORP,322130,3055580,16,RENTAL,2,Third Party Transfer (TPT),Mark Matthews,Former TIL,302,35,57,25,8,11238,231
3019870071,3,1987,71,25,MADISON STREET,NEIGHBORHOOD RESTORE HOUSING DEVELOPMENT FUND CORP,330826,3057109,8,RENTAL,2,Third Party Transfer (TPT),Mark Matthews,Former TIL,303,35,57,25,8,11238,229
3031750013,3,3175,13,272,JEFFERSON STREET,NEIGHBOURHOOD RESTORE HOUSING DEVELOPMENT FUND CORPORATION,317784,3326190,1,1- to 4-Family Home [Under development],1,,,,304,34,53,18,7,11237,427
3026910073,3,2691,73,586A,MORGAN AVENUE,New Chance HDFC,340387,3067392,8,RENTAL,2,Community Management Program (CMP),Graham Smokoski,,301,33,50,18,12,11222,593
3015090052,3,1509,52,411,CHAUNCEY STREET,NEW HAB HDFC,219037,3040863,6,COOP,2,7A Financial Assistance,,,303,41,55,25,8,11233,379
3018060041,3,1806,41,260,MARCUS GARVEY BOULEVARD,NEW-HAB HOUSING DEVELOPMENT FUND CORPORATION,379302,3050783,3,RENTAL,2,,,,303,36,56,25,8,11221,279
3014330043,3,1433,43,2185,PACIFIC STREET,NY PACIFIC STREET HOUSING DEVELOPMENT FUND CORPORA,349996,3324660,16,RENTAL Shd be COOP,2,Participation Loan Program (PLP),Mark Matthews,,316,41,55,25,8,11233,303
3015217501,3,1521,7501,117,HOPKINSON AVENUE,NY/ENTERPRISE CITY HOME HDFC,313665,3041306,23,CONDO,2,CityHome,,,316,41,55,25,8,11233,371
3015157501,3,1515,7501,365,MARION STREET,NY/ENTERPRISE CITYHOME HDFC,219053,3041108,6,CONDO,2,CityHome,,,316,41,55,25,8,11233,371
3040350113,3,4035,113,535,LINWOOD STREET,NYC PARTNERSHIP HOUSING DEVELOPMENT FUND CO.INC.,836748,300000,2,1- to 4-Family Home [Under development],1,Partnership New Homes,,,305,42,60,18,8,11208,1164
3009440052,3,944,52,67,ST JOHNS PLACE,PARK SLOPE NORTH HOUSING DEVELOPMENT CORP,374098,3019235,5,COOP,2,Participation Loan Program (PLP),,,306,39,52,25,9,11217,131
3009440053,3,944,53,65,ST JOHNS PLACE,PARK SLOPE NORTH HOUSING DEVELOPMENT CORP,374085,3019236,5,COOP,2,Participation Loan Program (PLP),,,306,39,52,25,9,11217,131
3009440054,3,944,54,63,ST JOHNS PLACE,PARK SLOPE NORTH HOUSING DEVELOPMENT CORP,374073,3019237,5,COOP,2,Participation Loan Program (PLP),,,306,39,52,25,9,11217,131
3009440055,3,944,55,61,ST JOHNS PLACE,PARK SLOPE NORTH HOUSING DEVELOPMENT CORP,374064,3019238,5,COOP,2,Participation Loan Program (PLP),,,306,39,52,25,9,11217,131
3009440056,3,944,56,59,ST JOHNS PLACE,PARK SLOPE NORTH HOUSING DEVELOPMENT CORP,374056,3019239,5,COOP,2,Participation Loan Program (PLP),,,306,39,52,25,9,11217,131
3009440064,3,944,64,43,ST JOHNS PLACE,PARK SLOPE NORTH HOUSING DEVELOPMENT CORP,374001,3019247,4,COOP,2,Participation Loan Program (PLP),,,306,39,52,25,9,11217,131
3009470032,3,947,32,54,ST JOHNS PLACE,PARK SLOPE NORTH HOUSING DEVELOPMENT CORP,374032,3019420,4,COOP,2,Participation Loan Program (PLP),,,306,39,52,25,9,11217,131
3009470040,3,947,40,70,ST JOHNS PLACE,PARK SLOPE NORTH HOUSING DEVELOPMENT FUND CORP,374115,3019428,4,COOP,2,Participation Loan Program (PLP),,,306,39,52,25,9,11217,131
3031730001,3,3173,1,99,CENTRAL AVENUE,RIDGEWOOD BUSHWICK HOMESTEADING ASSISTANCE HOUSING,218872,3072263,5,RENTAL,2,7A Financial Assistance,,,304,34,53,18,7,11206,425
3031730022,3,3173,22,194,JEFFERSON STREET,RIDGEWOOD BUSHWICK HOMESTEADING ASSISTANCE HOUSING,317735,3072281,4,RENTAL,2,Tenant Interim Lease (TIL) 2,,,304,34,53,18,7,11206,425
3031770012,3,3177,12,432,JEFFERSON STREET,RIDGEWOOD BUSHWICK HOMESTEADING ASSISTANCE HOUSING,317834,3072414,5,RENTAL,2,Tenant Interim Lease (TIL) 2,,,304,34,53,18,7,11237,447
3031770013,3,3177,13,434,JEFFERSON STREET,RIDGEWOOD BUSHWICK HOMESTEADING ASSISTANCE HOUSING,317835,3072415,5,RENTAL,2,Tenant Interim Lease (TIL) 2,,,304,34,53,18,7,11237,447
3031860047,3,3186,47,85,STARR STREET,RIDGEWOOD BUSHWICK HOMESTEADING ASSISTANCE HOUSING,375924,3072533,3,RENTAL,1,Tenant Interim Lease (TIL) 2,,,304,34,53,18,7,11237,427
3031970011,3,3197,11,76,STARR STREET,RIDGEWOOD BUSHWICK HOMESTEADING ASSISTANCE HOUSING,375916,3072724,3,RENTAL,2,Tenant Interim Lease (TIL) 2,,,304,34,53,18,7,11237,429
3032170018,3,3217,18,128,SUYDAM STREET,RIDGEWOOD BUSHWICK HOMESTEADING ASSISTANCE HOUSING,380338,3073103,4,RENTAL,2,Tenant Interim Lease (TIL) 2,,,304,34,53,18,7,11221,423
3032190021,3,3219,21,238,SUYDAM STREET,RIDGEWOOD BUSHWICK HOMESTEADING ASSISTANCE HOUSING,380408,3073171,5,RENTAL,2,Tenant Interim Lease (TIL) 2,,,304,34,53,18,7,11237,429
3032190047,3,3219,47,763,HART STREET,RIDGEWOOD BUSHWICK HOMESTEADING ASSISTANCE HOUSING,308741,3073194,6,RENTAL,2,Tenant Interim Lease (TIL) 2,,,304,34,53,18,7,11237,429
3033260034,3,3326,34,320,GROVE STREET,RIDGEWOOD BUSHWICK HOMESTEADING ASSISTANCE HOUSING,305023,3076145,6,RENTAL,2,Tenant Interim Lease (TIL) 2,,,304,37,53,18,7,11237,433
3033930043,3,3393,43,1516,JEFFERSON AVENUE,RIDGEWOOD BUSHWICK HOMESTEADING ASSISTANCE HOUSING,316970,3078124,6,RENTAL,2,Tenant Interim Lease (TIL) 2,,,304,37,54,18,7,11237,439
3034410005,3,3441,5,647,CENTRAL AVENUE,RIDGEWOOD BUSHWICK HOMESTEADING ASSISTANCE HOUSING,218822,3080001,6,RENTAL,2,7A Financial Assistance,,,304,37,54,18,7,11207,411
3032460016,3,3246,16,1424,DE KALB AVENUE,RIDGEWOOD BUSHWICK HOMESTEADING ASSISTANCE HOUSING DEV FUND CO,230003,3073823,5,RENTAL,2,Tenant Interim Lease (TIL) 2,,,304,37,53,18,7,11237,429
3032890019,3,3289,19,318,HARMAN STREET,RIDGEWOOD BUSHWICK HOMESTEADING ASSISTANCE HOUSING DEV FUND CO,308010,3075104,6,RENTAL,2,Tenant Interim Lease (TIL) 2,,,304,37,53,18,7,11237,431
3032970051,3,3297,51,135,BLEECKER STREET,RIDGEWOOD BUSHWICK HOMESTEADING ASSISTANCE HOUSING DEV FUND CO,210651,3075410,4,RENTAL,2,7A Financial Assistance,,,304,37,53,18,7,11221,419
3033010005,3,3301,5,245,IRVING AVENUE,RIDGEWOOD BUSHWICK HOMESTEADING ASSISTANCE HOUSING DEV FUND CO,315806,3075469,5,RENTAL,2,Tenant Interim Lease (TIL) 2,,,304,37,53,18,7,11237,441
3050460050,3,5046,50,588,ROGERS AVENUE,Rogers Avenue HDFC,363906,3115708,6,COOP,2,Urban Homesteading Program (UHP),Mark Matthews,,309,40,43,20,9,11225,802
3050460048,3,5046,48,584,ROGERS AVENUE,Rogers Avenue Homesteaders HDFC,363905,3115707,6,COOP,2,Urban Homesteading Program (UHP),Mark Matthews,,309,40,43,20,9,11225,802
3050460052,3,5046,52,592,ROGERS AVENUE,Rogers Avenue Homesteaders HDFC,363907,3115709,6,COOP,2,Urban Homesteading Program (UHP),Mark Matthews,,309,40,43,20,9,11225,802
3024360008,3,2436,8,304,SOUTH 3 STREET,South Third Street Tenants HDFC,372142,3063332,24,COOP,2,Tenant Interim Lease (TIL),Mark Matthews,,301,34,53,18,7,11211,527
3021310037,3,2131,37,95,SOUTH 8 STREET,SOUTH WILLIAMSBURG HOUSING DEVELOPMENT FUND CORP.,372584,3341967,3,COOP,2,Partnership New Homes,,,301,34,50,18,7,11249,549
3021310040,3,2131,40,91,SOUTH 8 STREET,SOUTH WILLIAMSBURG HOUSING DEVELOPMENT FUND CORP.,372583,3341969,3,COOP,2,Partnership New Homes,,,301,34,50,18,7,11249,549
3021360001,3,2136,1,39,SOUTH 9 STREET,SOUTH WILLIAMSBURG HOUSING DEVELOPMENT FUND CORP.,809488,3255898,3,COOP,2,Partnership New Homes,,,301,33,50,18,7,11249,547
3021360026,3,2136,26,85,SOUTH 9 STREET,SOUTH WILLIAMSBURG HOUSING DEVELOPMENT FUND CORP.,209653,3255901,3,COOP,2,Partnership New Homes,,,301,33,50,18,7,11249,547
3021360028,3,2136,28,79,SOUTH 9 STREET,SOUTH WILLIAMSBURG HOUSING DEVELOPMENT FUND CORP.,372650,3059575,3,COOP,2,Partnership New Homes,,,301,33,50,18,7,11249,547
3021370031,3,2137,31,442,BEDFORD AVENUE,SOUTH WILLIAMSBURG HOUSING DEVELOPMENT FUND CORP.,807757,3341970,3,COOP,2,Partnership New Homes,,,301,33,50,18,7,11249,547
3021370040,3,2137,40,95,SOUTH 9 STREET,SOUTH WILLIAMSBURG HOUSING DEVELOPMENT FUND CORP.,372662,3332964,3,COOP,2,Partnership New Homes,,,301,33,50,18,7,11249,547
3021370044,3,2137,44,89,SOUTH 9 STREET,SOUTH WILLIAMSBURG HOUSING DEVELOPMENT FUND CORP.,810070,3059599,6,COOP,2,Partnership New Homes,,,301,33,50,18,7,11249,547
3021370134,3,2137,134,115,SOUTH 9 STREET,SOUTH WILLIAMSBURG HOUSING DEVELOPMENT FUND CORP.,809473,3255907,3,COOP,2,Partnership New Homes,,,301,33,50,18,7,11249,547
3021380011,3,2138,11,136,SOUTH 8 STREET,SOUTH WILLIAMSBURG HOUSING DEVELOPMENT FUND CORP.,809471,3059607,3,COOP,2,Partnership New Homes,,,301,33,50,26,7,11211,547
3021380017,3,2138,17,152,SOUTH 8 STREET,SOUTH WILLIAMSBURG HOUSING DEVELOPMENT FUND CORP.,372557,3255913,3,COOP,2,Partnership New Homes,,,301,33,50,26,7,11211,547
3021380018,3,2138,18,158,SOUTH 8 STREET,SOUTH WILLIAMSBURG HOUSING DEVELOPMENT FUND CORP.,372558,3339280,3,COOP,2,Partnership New Homes,,,301,33,50,26,7,11211,547
3021380108,3,2138,108,132,SOUTH 8 STREET,SOUTH WILLIAMSBURG HOUSING DEVELOPMENT FUND CORP.,372547,3335063,3,COOP,2,Partnership New Homes,,,301,33,50,26,7,11211,547
3021380128,3,2138,128,874,DRIGGS AVENUE,SOUTH WILLIAMSBURG HOUSING DEVELOPMENT FUND CORP.,234693,3000000,3,COOP,2,Partnership New Homes,,,301,33,50,26,7,11211,547
3021460019,3,2146,19,446,BEDFORD AVENUE,SOUTH WILLIAMSBURG HOUSING DEVELOPMENT FUND CORP.,206798,3341981,3,COOP,2,Partnership New Homes,,,301,33,50,18,7,11249,547
3021460118,3,2146,118,106,SOUTH 9 STREET,SOUTH WILLIAMSBURG HOUSING DEVELOPMENT FUND CORP.,372590,3323544,3,COOP,2,Partnership New Homes,,,301,33,50,18,7,11249,547
3009150045,3,915,45,759,40 STREET,Sunboro HDFC,148797,3017908,6,COOP,2,Urban Homesteading Program (UHP),Mark Matthews,,307,38,51,17,7,11232,90
3011550052,3,1155,52,694,CLASSON AVENUE,The Joint Approach HDFC,807954,3325285,8,COOP,2,Urban Homesteading Program (UHP),Mark Matthews,,308,35,57,20,9,11238,305
3033950011,3,3395,11,1050,HANCOCK STREET,The New 1050 Hancock Street HDFC,306501,3078194,27,COOP,2,Tenant Interim Lease (TIL),,,304,37,54,18,8,11221,399
3014310045,3,1431,45,2027,PACIFIC STREET,Thomas S. Boyland HDFC,349913,3038521,57,RENTAL,2,Community Management Program (CMP),,,316,41,55,25,8,11233,303
3014390007,3,1439,7,343,HOWARD AVENUE,Thomas S. Boyland HDFC,314097,3038673,23,RENTAL,2,Community Management Program (CMP),,,316,41,55,25,8,11233,303
3014520051,3,1452,51,354,SARATOGA AVENUE,Thomas S. Boyland HDFC,366365,3039059,16,RENTAL,2,Community Management Program (CMP),,,316,41,55,25,8,11233,303
3014660065,3,1466,65,1725,STERLING PLACE,Thomas S. Boyland HDFC,376543,3039389,16,RENTAL,2,Community Management Program (CMP),,,316,41,55,25,9,11233,363
3014660067,3,1466,67,1719,STERLING PLACE,Thomas S. Boyland HDFC,376539,300000,16,RENTAL,2,Community Management Program (CMP),,,316,41,55,25,9,11233,363
3014700029,3,1470,29,1752,STERLING PLACE,Thomas S. Boyland HDFC,376557,3039434,24,RENTAL,2,Community Management Program (CMP),,,316,41,55,20,9,11233,361
3015210041,3,1521,41,60,ROCKAWAY AVENUE,TOMPKINS PARNORTH HOMES HOUSING DVLPMT FUND CORP,362701,3041335,1,1- to 4-Family Home [Under development],1,Neighborhood Homes Program (NHP) - 203K,,,316,41,55,25,8,11233,371
3007810075,3,781,75,217,50 STREET,UHAB HDFC,154256,3012864,8,RENTAL,2,7A Financial Assistance,Graham Smokoski,,307,38,51,20,7,11220,20
3050720012,3,5072,12,20,WESTMINSTER ROAD,UHAB HDFC Sold to 20 Westminster Rd HDFC,242737,3116369,21,RENTAL Shd be COOP,2,Participation Loan Program (PLP),Mark Matthews,TPT,314,40,42,21,9,11218,506
3013210011,3,1321,11,320,STERLING STREET,UHAB STERLING STREET HDFC,377137,3035094,113,COOP,2,7A Financial Assistance,,,309,40,43,20,9,11225,329
3016220042,3,1622,42,42,PATCHEN AVENUE,"UHAB, HDFC",352664,3044156,8,COOP,2,7A Financial Assistance,,,303,36,56,25,8,11221,387
3051890004,3,5189,4,2310,CLARENDON ROAD,"UHAD, HDFC",220776,3119669,27,COOP,2,Participation Loan Program (PLP),Mark Matthews,,314,45,42,21,9,11226,790
3001970022,3,197,22,280,DEAN STREET,Unidad Y Progeso HDFC,231261,3001434,25,COOP,2,Tenant Interim Lease (TIL),Mark Matthews,,302,33,52,25,8,11217,39
3021380007,3,2138,7,415,BEDFORD AVENUE,UNITED NEIGHBORHOOD DEV CORP,206579,3059606,3,COOP,2,Partnership New Homes,,,301,33,50,26,7,11211,547
3031710059,3,3171,59,49,TROUTMAN STREET,WEST BUSHWICK 203K HOUSING DEVELOPMENT FUND COMPAN,381965,3072225,3,RENTAL,2,Neighborhood Redevelopment Program (NRP),,,304,34,53,18,7,11206,391
3031730003,3,3173,3,97,CENTRAL AVENUE,WEST BUSHWICK 203K HOUSING DEVELOPMENT FUND COMPAN,218871,3072265,4,RENTAL,2,7A Financial Assistance,,,304,34,53,18,7,11206,425
3037850001,3,3785,1,405,WILLIAMS AVENUE,Williams and Georgia Towers HDFC,395823,3084437,83,COOP,,Participation Loan Program (PLP),Mark Matthews,,305,42,60,19,8,11207,1134
3037850075,3,3785,75,587,DUMONT AVENUE,WILLIAMS AND GEORGIA TOWERS HDFC,234880,3084438,59,COOP,2,Third Party Transfer (TPT),Mark Matthews,,305,42,60,19,8,11207,1156
3008700046,3,870,46,483,17 STREET,WINDSOR TERRACE HSG DEV FUND CORP,142638,3016588,8,COOP,2,Negotiated Sale,,,307,38,44,21,9,11215,169
3008700047,3,870,47,481,17 STREET,WINDSOR TERRACE HSG DEV FUND CORP,142635,3016589,8,COOP,2,Negotiated Sale,,,307,38,44,21,9,11215,169
3008700049,3,870,49,477,17 STREET,WINDSOR TERRACE HSG DEV FUND CORP,142631,3016591,7,COOP,2,Negotiated Sale,,,307,38,44,21,9,11215,169
3008700050,3,870,50,475,17 STREET,WINDSOR TERRACE HSG DEV FUND CORP,142630,3016592,7,COOP,2,Negotiated Sale,,,307,38,44,21,9,11215,169
3008700051,3,870,51,473,17 STREET,WINDSOR TERRACE HSG DEV FUND CORP,142628,3016593,7,COOP,2,Negotiated Sale,,,307,38,44,21,9,11215,169
3008700052,3,870,52,471,17 STREET,WINDSOR TERRACE HSG DEV FUND CORP,142626,3016594,7,COOP,2,Negotiated Sale,,,307,38,44,21,9,11215,169
3008700056,3,870,56,465,17 STREET,WINDSOR TERRACE HSG DEV FUND CORP,142621,3016597,8,COOP,2,Negotiated Sale,,,307,38,44,21,9,11215,169
